price,beds,url
325000,2,https://www.rightmove.co.uk/properties/157843082#/?channel=RES_BUY
400000,2,https://www.rightmove.co.uk/properties/161631905#/?channel=RES_BUY
400000,3,https://www.rightmove.co.uk/properties/151072790#/?channel=RES_BUY
413000,2,https://www.rightmove.co.uk/properties/162038207#/?channel=RES_BUY
450000,2,https://www.rightmove.co.uk/properties/161391263#/?channel=RES_BUY
500000,2,https://www.rightmove.co.uk/properties/152063642#/?channel=RES_BUY
525000,3,https://www.rightmove.co.uk/properties/158619002#/?channel=RES_BUY
525000,2,https://www.rightmove.co.uk/properties/151625843#/?channel=RES_BUY
525000,3,https://www.rightmove.co.uk/properties/154589438#/?channel=RES_BUY
535000,3,https://www.rightmove.co.uk/properties/144061292#/?channel=RES_BUY
539000,2,https://www.rightmove.co.uk/properties/156741899#/?channel=RES_BUY
550000,2,https://www.rightmove.co.uk/properties/162042602#/?channel=RES_BUY
550000,4,https://www.rightmove.co.uk/properties/161014418#/?channel=RES_BUY
550000,2,https://www.rightmove.co.uk/properties/158843192#/?channel=RES_BUY
550000,3,https://www.rightmove.co.uk/properties/161140610#/?channel=RES_BUY
560000,3,https://www.rightmove.co.uk/properties/157258352#/?channel=RES_BUY
565000,3,https://www.rightmove.co.uk/properties/161988926#/?channel=RES_BUY
590000,3,https://www.rightmove.co.uk/properties/161622818#/?channel=RES_BUY
599995,3,https://www.rightmove.co.uk/properties/161214305#/?channel=RES_BUY
600000,4,https://www.rightmove.co.uk/properties/160134338#/?channel=RES_BUY
600000,3,https://www.rightmove.co.uk/properties/161248145#/?channel=RES_BUY
600000,3,https://www.rightmove.co.uk/properties/153147377#/?channel=RES_BUY
600000,3,https://www.rightmove.co.uk/properties/160930619#/?channel=RES_BUY
600000,2,https://www.rightmove.co.uk/properties/161076275#/?channel=RES_BUY
600000,3,https://www.rightmove.co.uk/properties/151758176#/?channel=RES_BUY
600000,3,https://www.rightmove.co.uk/properties/161747009#/?channel=RES_BUY
600000,3,https://www.rightmove.co.uk/properties/161373200#/?channel=RES_BUY
625000,3,https://www.rightmove.co.uk/properties/156855959#/?channel=RES_BUY
625000,3,https://www.rightmove.co.uk/properties/160735247#/?channel=RES_BUY
625000,4,https://www.rightmove.co.uk/properties/160429331#/?channel=RES_BUY
625000,3,https://www.rightmove.co.uk/properties/152096693#/?channel=RES_BUY
625000,2,https://www.rightmove.co.uk/properties/162037955#/?channel=RES_BUY
650000,4,https://www.rightmove.co.uk/properties/161669951#/?channel=RES_BUY
650000,3,https://www.rightmove.co.uk/properties/160902581#/?channel=RES_BUY
650000,3,https://www.rightmove.co.uk/properties/161080853#/?channel=RES_BUY
650000,4,https://www.rightmove.co.uk/properties/157757432#/?channel=RES_BUY
685000,4,https://www.rightmove.co.uk/properties/160903574#/?channel=RES_BUY
685000,3,https://www.rightmove.co.uk/properties/158450330#/?channel=RES_BUY
700000,4,https://www.rightmove.co.uk/properties/148363925#/?channel=RES_BUY
700000,4,https://www.rightmove.co.uk/properties/158120546#/?channel=RES_BUY
700000,4,https://www.rightmove.co.uk/properties/154719605#/?channel=RES_BUY
700000,4,https://www.rightmove.co.uk/properties/87063159#/?channel=RES_BUY
700000,3,https://www.rightmove.co.uk/properties/160604870#/?channel=RES_BUY
710000,3,https://www.rightmove.co.uk/properties/159039380#/?channel=RES_BUY
725000,3,https://www.rightmove.co.uk/properties/160650680#/?channel=RES_BUY
725000,3,https://www.rightmove.co.uk/properties/159879704#/?channel=RES_BUY
725000,3,https://www.rightmove.co.uk/properties/161802875#/?channel=RES_BUY
725000,4,https://www.rightmove.co.uk/properties/162040838#/?channel=RES_BUY
725000,4,https://www.rightmove.co.uk/properties/156394805#/?channel=RES_BUY
725000,4,https://www.rightmove.co.uk/properties/161424020#/?channel=RES_BUY
725000,4,https://www.rightmove.co.uk/properties/148622132#/?channel=RES_BUY
735000,3,https://www.rightmove.co.uk/properties/161761436#/?channel=RES_BUY
750000,3,https://www.rightmove.co.uk/properties/160211267#/?channel=RES_BUY
750000,3,https://www.rightmove.co.uk/properties/161457410#/?channel=RES_BUY
750000,4,https://www.rightmove.co.uk/properties/157294010#/?channel=RES_BUY
750000,3,https://www.rightmove.co.uk/properties/158666666#/?channel=RES_BUY
750000,4,https://www.rightmove.co.uk/properties/160153871#/?channel=RES_BUY
750000,3,https://www.rightmove.co.uk/properties/161972822#/?channel=RES_BUY
750000,3,https://www.rightmove.co.uk/properties/158511179#/?channel=RES_BUY
750000,4,https://www.rightmove.co.uk/properties/146371970#/?channel=RES_BUY
750000,3,https://www.rightmove.co.uk/properties/161076110#/?channel=RES_BUY
760000,3,https://www.rightmove.co.uk/properties/153372284#/?channel=RES_BUY
775000,4,https://www.rightmove.co.uk/properties/153211085#/?channel=RES_BUY
775000,4,https://www.rightmove.co.uk/properties/160063916#/?channel=RES_BUY
775000,4,https://www.rightmove.co.uk/properties/157458188#/?channel=RES_BUY
780000,4,https://www.rightmove.co.uk/properties/158763041#/?channel=RES_BUY
800000,3,https://www.rightmove.co.uk/properties/158458409#/?channel=RES_BUY
800000,3,https://www.rightmove.co.uk/properties/157643801#/?channel=RES_BUY
800000,3,https://www.rightmove.co.uk/properties/161664548#/?channel=RES_BUY
800000,5,https://www.rightmove.co.uk/properties/160515410#/?channel=RES_BUY
800000,4,https://www.rightmove.co.uk/properties/160774826#/?channel=RES_BUY
825000,3,https://www.rightmove.co.uk/properties/160591922#/?channel=RES_BUY
830000,4,https://www.rightmove.co.uk/properties/130302563#/?channel=RES_BUY
850000,4,https://www.rightmove.co.uk/properties/161324108#/?channel=RES_BUY
850000,4,https://www.rightmove.co.uk/properties/160751369#/?channel=RES_BUY
850000,4,https://www.rightmove.co.uk/properties/158858399#/?channel=RES_BUY
850000,3,https://www.rightmove.co.uk/properties/160618055#/?channel=RES_BUY
850000,3,https://www.rightmove.co.uk/properties/159930335#/?channel=RES_BUY
875000,4,https://www.rightmove.co.uk/properties/150873860#/?channel=RES_BUY
875000,4,https://www.rightmove.co.uk/properties/161602991#/?channel=RES_BUY
875000,2,https://www.rightmove.co.uk/properties/155385707#/?channel=RES_BUY
875000,4,https://www.rightmove.co.uk/properties/161821718#/?channel=RES_BUY
875000,5,https://www.rightmove.co.uk/properties/161807240#/?channel=RES_BUY
895000,2,https://www.rightmove.co.uk/properties/161076233#/?channel=RES_BUY
900000,4,https://www.rightmove.co.uk/properties/161865824#/?channel=RES_BUY
900000,4,https://www.rightmove.co.uk/properties/161863730#/?channel=RES_BUY
900000,4,https://www.rightmove.co.uk/properties/158945840#/?channel=RES_BUY
900000,4,https://www.rightmove.co.uk/properties/159115124#/?channel=RES_BUY
950000,9,https://www.rightmove.co.uk/properties/152628446#/?channel=RES_BUY
950000,4,https://www.rightmove.co.uk/properties/158773397#/?channel=RES_BUY
950000,3,https://www.rightmove.co.uk/properties/161761445#/?channel=RES_BUY
975000,3,https://www.rightmove.co.uk/properties/157690136#/?channel=RES_BUY
1000000,5,https://www.rightmove.co.uk/properties/156864902#/?channel=RES_BUY
1000000,3,https://www.rightmove.co.uk/properties/159687704#/?channel=RES_BUY
1000000,5,https://www.rightmove.co.uk/properties/161535935#/?channel=RES_BUY
1000000,3,https://www.rightmove.co.uk/properties/158917139#/?channel=RES_BUY
1050000,4,https://www.rightmove.co.uk/properties/159544688#/?channel=RES_BUY
1050000,5,https://www.rightmove.co.uk/properties/86754660#/?channel=RES_BUY
1100000,3,https://www.rightmove.co.uk/properties/160250036#/?channel=RES_BUY
1100000,4,https://www.rightmove.co.uk/properties/162090176#/?channel=RES_BUY
1150000,4,https://www.rightmove.co.uk/properties/159112766#/?channel=RES_BUY
1150000,4,https://www.rightmove.co.uk/properties/159934589#/?channel=RES_BUY
1200000,3,https://www.rightmove.co.uk/properties/161393696#/?channel=RES_BUY
1200000,4,https://www.rightmove.co.uk/properties/160360868#/?channel=RES_BUY
1200000,3,https://www.rightmove.co.uk/properties/155563148#/?channel=RES_BUY
1250000,5,https://www.rightmove.co.uk/properties/159647204#/?channel=RES_BUY
1250000,4,https://www.rightmove.co.uk/properties/160134860#/?channel=RES_BUY
1250000,5,https://www.rightmove.co.uk/properties/155907971#/?channel=RES_BUY
1299999,5,https://www.rightmove.co.uk/properties/161172230#/?channel=RES_BUY
1350000,5,https://www.rightmove.co.uk/properties/158542241#/?channel=RES_BUY
1350000,4,https://www.rightmove.co.uk/properties/160209275#/?channel=RES_BUY
1350000,5,https://www.rightmove.co.uk/properties/161827475#/?channel=RES_BUY
1400000,4,https://www.rightmove.co.uk/properties/157171742#/?channel=RES_BUY
1475000,4,https://www.rightmove.co.uk/properties/152335178#/?channel=RES_BUY
1600000,4,https://www.rightmove.co.uk/properties/161264483#/?channel=RES_BUY
1600000,4,https://www.rightmove.co.uk/properties/158272790#/?channel=RES_BUY
1600000,4,https://www.rightmove.co.uk/properties/159796073#/?channel=RES_BUY
1600000,4,https://www.rightmove.co.uk/properties/160318580#/?channel=RES_BUY
1650000,5,https://www.rightmove.co.uk/properties/157896383#/?channel=RES_BUY
1750000,6,https://www.rightmove.co.uk/properties/161033612#/?channel=RES_BUY
1850000,5,https://www.rightmove.co.uk/properties/153823832#/?channel=RES_BUY
1900000,4,https://www.rightmove.co.uk/properties/160739675#/?channel=RES_BUY
2200000,5,https://www.rightmove.co.uk/properties/158347787#/?channel=RES_BUY
2250000,6,https://www.rightmove.co.uk/properties/153445229#/?channel=RES_BUY
2500000,6,https://www.rightmove.co.uk/properties/161661356#/?channel=RES_BUY
